"nuts_id","area"
"AT","83927901406"
"BE","30664325927"
"BG","110980316708"
"CH","41285051586"
"CY","9244002308"
"CZ","78878395875"
"DE","357766440214"
"DK","43106053685"
"EE","45365033755"
"EL","131829695353"
"ES","506021156595"
"FI","337961339459"
"HR","56625388883"
"HU","93018726879"
"IE","70051937043"
"IS","102658442609"
"IT","300680713625"
"LI","159938163"
"LT","64901149745"
"LU","2594343640"
"LV","64598153053"
"ME","13881847621"
"MK","25436360438"
"MT","315976825"
"NL","37356623074"
"NO","323936783392"
"PL","311916588653"
"PT","91996547156"
"RO","238391563705"
"SE","449905297883"
"SI","20273718529"
"SK","49032358712"
"TR","780178939423"
"UK","244812632808"
"AT1","23575308915"
"AT2","25952353231"
"AT3","34400239261"
"BE1","163121316"
"BE2","13596466933"
"BE3","16904737678"
"BG3","68324110119"
"BG4","42656206589"
"CH0","41285051586"
"CY0","9244002308"
"CZ0","78878395875"
"DE1","36020391448"
"DE2","70597315436"
"DE3","889816421"
"DE4","29657664066"
"DE5","402332224"
"DE6","750140191"
"DE7","21114791566"
"DE8","23055867153"
"DE9","47772016920"
"DEA","34123565900"
"DEB","19853572781"
"DEC","2574629720"
"DED","18450458430"
"DEE","20538104237"
"DEF","15762004027"
"DEG","16203769695"
"DK0","43106053685"
"EE0","45365033755"
"EL1","56547191452"
"EL2","53903700736"
"EL3","3822393158"
"EL4","17556410006"
"ES1","45513191275"
"ES2","70395293733"
"ES3","8029404669"
"ES4","215313908613"
"ES5","60368858653"
"ES6","98953085602"
"ES7","7447414050"
"FI1","336472161569"
"FI2","1489177890"
"FR1","12072658494"
"FR2","146614977265"
"FR3","12445799418"
"FR4","48309409639"
"FR5","85855299420"
"FR6","104461536194"
"FR7","71139302370"
"FR8","68268261852"
"HR0","56625388883"
"HU1","6917620195"
"HU2","36618043625"
"HU3","49483063059"
"IE0","70051937043"
"IS0","102658442609"
"ITC","57959057244"
"ITF","73283999423"
"ITG","49848345382"
"ITH","61550053467"
"ITI","58039258109"
"LI0","159938163"
"LT0","64901149745"
"LU0","2594343640"
"LV0","64598153053"
"ME0","13881847621"
"MK0","25436360438"
"MT0","315976825"
"NL1","8621266574"
"NL2","10119730404"
"NL3","9481015958"
"NL4","7291963710"
"NO0","323936783392"
"PL1","53777239441"
"PL2","27512639073"
"PL3","74861444343"
"PL4","66261672952"
"PL5","29352455621"
"PL6","60151137222"
"PT1","88863401603"
"PT2","2329065276"
"PT3","804080277"
"RO1","68271076566"
"RO2","72599074598"
"RO3","36280095296"
"RO4","61241317245"
"SE1","50487109874"
"SE2","85022510974"
"SE3","314395677035"
"SI0","20273718529"
"SK0","49032358712"
"TR1","5310237014"
"TR2","42980019753"
"TR3","89219798729"
"TR4","49318543599"
"TR5","73037934807"
"TR6","88467715339"
"TR7","91121332527"
"TR8","74041404456"
"TR9","35083177276"
"TRA","70727755138"
"TRB","77531538871"
"TRC","75025447847"
"UKC","8607451937"
"UKD","14180641105"
"UKE","15437407616"
"UKF","15650043491"
"UKG","13014155628"
"UKH","19166806221"
"UKI","1578249064"
"UKJ","19112084510"
"UKK","23929359430"
"UKL","20824921162"
"UKM","79161046769"
"UKN","14150465875"
"AT11","3963981805"
"AT12","19200323134"
"AT13","411003976"
"AT21","9542284033"
"AT22","16410069197"
"AT31","11985730304"
"AT32","7160172544"
"AT33","12648930858"
"AT34","2605405554"
"BE10","163121316"
"BE21","2875187540"
"BE22","2424987198"
"BE23","3012773457"
"BE24","2113543269"
"BE25","3169975468"
"BE31","1099704856"
"BE32","3809763406"
"BE33","3859567515"
"BE34","4460648477"
"BE35","3675053423"
"BG31","19076045442"
"BG32","14796207772"
"BG33","14648393173"
"BG34","19803463732"
"BG41","20296133033"
"BG42","22360073556"
"CH01","8715970001"
"CH02","10061418053"
"CH03","1958949606"
"CH04","1728369718"
"CH05","11522108042"
"CH06","4486053872"
"CH07","2812182294"
"CY00","9244002308"
"CZ01","498731333"
"CZ02","11018474995"
"CZ03","17616057409"
"CZ04","8653644026"
"CZ05","12445540122"
"CZ06","13989390193"
"CZ07","9236824766"
"CZ08","5419733032"
"DE11","10554144797"
"DE12","6925818752"
"DE13","9443754707"
"DE14","9096673192"
"DE21","17529642209"
"DE22","10326280118"
"DE23","9682639046"
"DE24","7231789804"
"DE25","7249958443"
"DE26","8527669037"
"DE27","10049336779"
"DE30","889816421"
"DE40","29657664066"
"DE50","402332224"
"DE60","750140191"
"DE71","7438610157"
"DE72","5383957577"
"DE73","8292223832"
"DE80","23055867153"
"DE91","8124550403"
"DE92","9061809147"
"DE93","15579038563"
"DE94","15006618807"
"DEA1","5298824317"
"DEA2","7358430632"
"DEA3","6922209376"
"DEA4","6529670654"
"DEA5","8014430921"
"DEB1","8076085682"
"DEB2","4930137243"
"DEB3","6847349856"
"DEC0","2574629720"
"DED2","7947208019"
"DED4","6525224036"
"DED5","3978026375"
"DEE0","20538104237"
"DEF0","15762004027"
"DEG0","16203769695"
"DK01","2569833461"
"DK02","7300537800"
"DK03","12161487126"
"DK04","13158199634"
"DK05","7915995665"
"EE00","45365033755"
"EL11","14179672169"
"EL12","18847660821"
"EL13","9459978637"
"EL14","14059879826"
"EL21","9178803446"
"EL22","2311418387"
"EL23","11333940685"
"EL24","15566718193"
"EL25","15512820026"
"EL30","3822393158"
"EL41","3842251379"
"EL42","5367841081"
"EL43","8346317546"
"ES11","29581591249"
"ES12","10607475809"
"ES13","5324124217"
"ES21","7237442144"
"ES22","10391367857"
"ES23","5048855908"
"ES24","47717627825"
"ES30","8029404669"
"ES41","94221831283"
"ES42","79462505024"
"ES43","41629572306"
"ES51","32118324489"
"ES52","23254612507"
"ES53","4995921657"
"ES61","87608453038"
"ES62","11310321585"
"ES63","20521983"
"ES64","13788996"
"ES70","7447414050"
"FI19","64629999009"
"FI1B","9487401398"
"FI1C","35621420565"
"FI1D","226733340597"
"FI20","1489177890"
"FR10","12072658494"
"FR21","25719371152"
"FR22","19504994565"
"FR23","12352479866"
"FR24","39529596204"
"FR25","17761388173"
"FR26","31747147306"
"FR30","12445799418"
"FR41","23675692311"
"FR42","8329484987"
"FR43","16304232340"
"FR51","32381246548"
"FR52","27499164252"
"FR53","25974888620"
"FR61","41805428597"
"FR62","45603220449"
"FR63","17052887148"
"FR71","44964290133"
"FR72","26175012237"
"FR81","27699486977"
"FR82","31838338060"
"FR83","8730436815"
"FR91","1706280468"
"FR92","1103290707"
"FR93","83891340755"
"FR94","2504646406"
"HR04","31847646955"
"HR03","24777741928"
"HU10","6917620195"
"HU21","11111226624"
"HU22","11331196475"
"HU23","14175620526"
"HU31","13423757754"
"HU32","17723856234"
"HU33","18335449070"
"IE01","33338379478"
"IE02","36713557565"
"IS00","102658442609"
"ITC1","25401072141"
"ITC2","3259630017"
"ITC3","5424643480"
"ITC4","23873711606"
"ITF1","10792616474"
"ITF2","4442166660"
"ITF3","13597886701"
"ITF4","19371216052"
"ITF5","9991084272"
"ITF6","15089029263"
"ITG1","25727909678"
"ITG2","24120435704"
"ITH1","7397475516"
"ITH2","6211341306"
"ITH3","17753950733"
"ITH4","7735781127"
"ITH5","22451504785"
"ITI1","22994804966"
"ITI2","8454916566"
"ITI3","9388139689"
"ITI4","17201396888"
"LI00","159938163"
"LT00","64901149745"
"LU00","2594343640"
"LV00","64598153053"
"ME00","13881847621"
"MK00","25436360438"
"MT00","315976825"
"NL11","2406956733"
"NL12","3534626161"
"NL13","2679683681"
"NL21","3423134801"
"NL22","5133573784"
"NL23","1563021820"
"NL31","1451525553"
"NL32","2872783956"
"NL33","3230243857"
"NL34","1926462592"
"NL41","5083420085"
"NL42","2208543624"
"NO01","5381060075"
"NO02","52591874470"
"NO03","36612476241"
"NO04","25892371016"
"NO05","49244884139"
"NO06","41241515422"
"NO07","112972602029"
"PL11","18216741127"
"PL12","35560498314"
"PL21","15182529180"
"PL22","12330109893"
"PL31","25116152854"
"PL32","17845223634"
"PL33","11711387588"
"PL34","20188680268"
"PL41","29835310773"
"PL42","22438108506"
"PL43","13988253673"
"PL51","19942381028"
"PL52","9410074593"
"PL61","17969478383"
"PL62","24012759666"
"PL63","18168899173"
"PT11","21285122568"
"PT15","4997031374"
"PT16","28193930703"
"PT17","2857256711"
"PT18","31530060246"
"PT20","2329065276"
"PT30","804080277"
"RO11","34163793112"
"RO12","34107283454"
"RO21","36845529005"
"RO22","35753545593"
"RO31","34483651016"
"RO32","1796444280"
"RO41","29228678430"
"RO42","32012638815"
"SE11","7154573896"
"SE12","43332535978"
"SE21","35976173484"
"SE22","14402958723"
"SE23","34643378768"
"SE31","72029005761"
"SE32","77196559037"
"SE33","165170112237"
"SI01","12209077305"
"SI02","8064641224"
"SK01","2053533546"
"SK02","14988820683"
"SK03","16260385235"
"SK04","15729619247"
"TR10","5310237014"
"TR21","18855390461"
"TR22","24124629293"
"TR31","11803879408"
"TR32","32063207990"
"TR33","45352711331"
"TR41","29106415915"
"TR42","20212127684"
"TR51","24877418047"
"TR52","48160516760"
"TR61","35943065497"
"TR62","29243034427"
"TR63","23281615416"
"TR71","31337956387"
"TR72","59783376141"
"TR81","9539738777"
"TR82","26488509128"
"TR83","38013156551"
"TR90","35083177276"
"TRA1","40792859792"
"TRA2","29934895347"
"TRB1","36653506598"
"TRB2","40878032273"
"TRC1","15212993849"
"TRC2","33971391225"
"TRC3","25841062772"
"UKC1","3030980988"
"UKC2","5576470948"
"UKD1","6831849273"
"UKD3","1276565733"
"UKD4","3082946568"
"UKD6","2263329710"
"UKD7","725949821"
"UKE1","3524450208"
"UKE2","8325309812"
"UKE3","1553076754"
"UKE4","2034570842"
"UKF1","4790577292"
"UKF2","4925189634"
"UKF3","5934276565"
"UKG1","5904951015"
"UKG2","6207774615"
"UKG3","901429999"
"UKH1","12597116078"
"UKH2","2878388790"
"UKH3","3691301353"
"UKI1","319171862"
"UKI2","1259077202"
"UKJ1","5742363653"
"UKJ2","5462496960"
"UKJ3","4168634448"
"UKJ4","3738589449"
"UKK1","7480064303"
"UKK2","6124802664"
"UKK3","3596391444"
"UKK4","6728101018"
"UKL1","13161902764"
"UKL2","7663018398"
"UKM2","18147964314"
"UKM5","6510903251"
"UKM6","41464450272"
"UKN0","14150465875"
"AT111","700273432"
"AT112","1793093035"
"AT113","1470615338"
"AT121","3354758342"
"AT122","3380850805"
"AT123","1233154417"
"AT124","4619556654"
"AT125","2410833700"
"AT126","2728841214"
"AT127","1472328002"
"AT130","411003976"
"AT211","2032250886"
"AT212","4133836804"
"AT213","3376196343"
"AT221","1230036612"
"AT222","3269418386"
"AT223","3257201079"
"AT224","3362687669"
"AT225","2225989328"
"AT226","3064736123"
"AT311","2822447468"
"AT312","1738623572"
"AT313","2664382210"
"AT314","2239597694"
"AT315","2520679361"
"AT321","1019535828"
"AT322","4399526439"
"AT323","1741110277"
"AT331","1235583638"
"AT332","2091997007"
"AT333","2023987402"
"AT334","3321157927"
"AT335","3976204885"
"AT341","1879564201"
"AT342","725841354"
"BE100","163121316"
"BE211","1002127118"
"BE212","511077579"
"BE213","1361982842"
"BE221","907485897"
"BE222","884614511"
"BE223","632886791"
"BE231","472556788"
"BE232","347869616"
"BE233","336855427"
"BE234","948958830"
"BE235","427264704"
"BE236","479268093"
"BE241","947965770"
"BE242","1165577499"
"BE251","664592035"
"BE252","366274097"
"BE253","554135824"
"BE254","406530196"
"BE255","294796654"
"BE256","274431058"
"BE257","330921183"
"BE258","278294421"
"BE310","1099704856"
"BE321","490001281"
"BE322","558967685"
"BE323","588704468"
"BE324","102694168"
"BE325","515308319"
"BE326","941100400"
"BE327","612987085"
"BE331","659719357"
"BE332","797402039"
"BE334","391496592"
"BE335","1165248499"
"BE336","845701028"
"BE341","316467027"
"BE342","1047117742"
"BE343","960864835"
"BE344","1357675187"
"BE345","778523686"
"BE351","1597764350"
"BE352","1167433334"
"BE353","909855739"
"BG311","3036074099"
"BG312","3634860252"
"BG313","3616119870"
"BG314","4653782122"
"BG315","4135209099"
"BG321","4661768594"
"BG322","2018007809"
"BG323","2863102361"
"BG324","2406513127"
"BG325","2846815881"
"BG331","3823576192"
"BG332","4718825118"
"BG333","3394114200"
"BG334","2711877664"
"BG341","7749563837"
"BG342","3545634395"
"BG343","3358690281"
"BG344","5149575219"
"BG411","1341530827"
"BG412","7063032151"
"BG413","6446524999"
"BG414","2394966992"
"BG415","3050078063"
"BG421","5962507968"
"BG422","5526855303"
"BG423","4454684288"
"BG424","3207071999"
"BG425","3208953997"
"CH011","3212745532"
"CH012","5221431206"
"CH013","281793262"
"CH021","5959188428"
"CH022","1671503218"
"CH023","788815592"
"CH024","802956989"
"CH025","838953827"
"CH031","37138122"
"CH032","515995314"
"CH033","1405816170"
"CH040","1728369718"
"CH051","684018892"
"CH052","296915393"
"CH053","242930861"
"CH054","172444905"
"CH055","2021523239"
"CH056","7111537607"
"CH057","992737145"
"CH061","1494209079"
"CH062","1077705528"
"CH063","906652968"
"CH064","493476676"
"CH065","274400583"
"CH066","239609038"
"CH070","2812182294"
"CY000","9244002308"
"CZ010","498731333"
"CZ020","11018474995"
"CZ031","10057989150"
"CZ032","7558068259"
"CZ041","3316169089"
"CZ042","5337474937"
"CZ051","3164232555"
"CZ052","4764163927"
"CZ053","4517143639"
"CZ063","6793155571"
"CZ064","7196234622"
"CZ071","5272455787"
"CZ072","3964368979"
"CZ080","5419733032"
"DE111","209048266"
"DE112","617695021"
"DE113","638779378"
"DE114","644324326"
"DE115","689541746"
"DE116","852979401"
"DE117","101242152"
"DE118","1094499211"
"DE119","775216042"
"DE11A","1482298923"
"DE11B","1309255614"
"DE11C","624164255"
"DE11D","1515100462"
"DE121","137397903"
"DE122","175404319"
"DE123","1084693588"
"DE124","742172571"
"DE125","108909604"
"DE126","147131713"
"DE127","1130184464"
"DE128","1061400107"
"DE129","100289255"
"DE12A","795789589"
"DE12B","569796273"
"DE12C","872649364"
"DE131","154392925"
"DE132","1375197015"
"DE133","679757639"
"DE134","1859402500"
"DE135","768946187"
"DE136","1025070900"
"DE137","733014336"
"DE138","906131064"
"DE139","809375967"
"DE13A","1132466172"
"DE141","1094377007"
"DE142","518527194"
"DE143","916328459"
"DE144","118668324"
"DE145","1355035143"
"DE146","1411627801"
"DE147","843942034"
"DE148","1633027931"
"DE149","1205139300"
"DE211","134384127"
"DE212","308849112"
"DE213","36568342"
"DE214","572798952"
"DE215","837835286"
"DE216","1114449697"
"DE217","574300370"
"DE218","550618128"
"DE219","1214363707"
"DE21A","872355817"
"DE21B","801814200"
"DE21C","432138325"
"DE21D","1012234332"
"DE21E","807418780"
"DE21F","861541466"
"DE21G","803134734"
"DE21H","666621740"
"DE21I","737930576"
"DE21J","758184111"
"DE21K","1437612780"
"DE21L","489548772"
"DE21M","1538831302"
"DE21N","966107552"
"DE221","67534721"
"DE222","69360614"
"DE223","66139692"
"DE224","862905438"
"DE225","980479893"
"DE226","1066012496"
"DE227","1345829141"
"DE228","1530527876"
"DE229","976974774"
"DE22A","1281704452"
"DE22B","1201369043"
"DE22C","877441977"
"DE231","51125004"
"DE232","79429498"
"DE233","72310736"
"DE234","1244462209"
"DE235","1507619005"
"DE236","1343633517"
"DE237","1427212066"
"DE238","1392945652"
"DE239","1476323571"
"DE23A","1087577790"
"DE241","53274231"
"DE242","66083801"
"DE243","47282584"
"DE244","58143452"
"DE245","1168704099"
"DE246","1275570258"
"DE247","594459588"
"DE248","643047166"
"DE249","893678874"
"DE24A","649820957"
"DE24B","657394281"
"DE24C","518586646"
"DE24D","605743866"
"DE251","99368372"
"DE252","76712731"
"DE253","63072786"
"DE254","186432456"
"DE255","45259616"
"DE256","1969613505"
"DE257","567508806"
"DE258","309582176"
"DE259","800429904"
"DE25A","1265361353"
"DE25B","896448097"
"DE25C","970168640"
"DE261","61776584"
"DE262","35126898"
"DE263","86448784"
"DE264","698226419"
"DE265","1138138003"
"DE266","1021682457"
"DE267","958534218"
"DE268","686269943"
"DE269","712873748"
"DE26A","1325234003"
"DE26B","836405286"
"DE26C","966952693"
"DE271","146680774"
"DE272","41567046"
"DE273","62453722"
"DE274","68595938"
"DE275","780566082"
"DE276","1074840266"
"DE277","793565666"
"DE278","767408489"
"DE279","514920246"
"DE27A","384086259"
"DE27B","1389921916"
"DE27C","1228671806"
"DE27D","1272055495"
"DE27E","1524003074"
"DE300","889816421"
"DE401","230143851"
"DE402","161457310"
"DE403","147193116"
"DE404","187227605"
"DE405","1476440237"
"DE406","2273996126"
"DE407","1899505305"
"DE408","1732183252"
"DE409","2157611246"
"DE40A","1816113056"
"DE40B","1224767476"
"DE40C","2261855313"
"DE40D","2526319394"
"DE40E","2589448325"
"DE40F","2137354288"
"DE40G","1657994612"
"DE40H","2103075551"
"DE40I","3074978002"
"DE501","326218833"
"DE502","76113392"
"DE600","750140191"
"DE711","122927676"
"DE712","246875696"
"DE713","43849876"
"DE714","204106349"
"DE715","717848219"
"DE716","658363297"
"DE717","453575147"
"DE718","479243002"
"DE719","1398758770"
"DE71A","219969676"
"DE71B","626266173"
"DE71C","356932597"
"DE71D","811222732"
"DE71E","1098670947"
"DE721","857025254"
"DE722","1066845615"
"DE723","740148391"
"DE724","1259716869"
"DE725","1460221448"
"DE731","104555966"
"DE732","1381502273"
"DE733","1102910023"
"DE734","1289402325"
"DE735","1538479261"
"DE736","1846514187"
"DE737","1028859796"
"DE801","49522765"
"DE802","85624124"
"DE803","168655174"
"DE804","129138343"
"DE805","38131381"
"DE806","42117511"
"DE807","1361081044"
"DE808","1935660759"
"DE809","2061360571"
"DE80A","2530411112"
"DE80B","2098780018"
"DE80C","1720360328"
"DE80D","2134254936"
"DE80E","2087632474"
"DE80F","1900686585"
"DE80G","2242427180"
"DE80H","973874274"
"DE80I","1496148573"
"DE911","192323544"
"DE912","222157558"
"DE913","205716839"
"DE914","1570125517"
"DE915","1115393786"
"DE916","967015396"
"DE917","680290890"
"DE918","1273208084"
"DE919","636113255"
"DE91A","535370730"
"DE91B","726834805"
"DE922","1991451128"
"DE923","798684710"
"DE925","1206333074"
"DE926","697879855"
"DE927","1396848682"
"DE928","674443100"
"DE929","2296168599"
"DE931","1551863229"
"DE932","2060826109"
"DE933","1248551207"
"DE934","1227372815"
"DE935","1325008832"
"DE936","652861012"
"DE937","2076889205"
"DE938","1882748497"
"DE939","1301769373"
"DE93A","1460712600"
"DE93B","790435683"
"DE941","61157852"
"DE942","112014592"
"DE943","104045784"
"DE944","120007336"
"DE945","106983535"
"DE946","727685879"
"DE947","1295975311"
"DE948","1419988378"
"DE949","2883970396"
"DE94A","619912515"
"DE94B","982974787"
"DE94C","1070555346"
"DE94D","1064929022"
"DE94E","2122104923"
"DE94F","813230165"
"DE94G","838267591"
"DE94H","662815396"
"DEA11","216963966"
"DEA12","231022057"
"DEA13","211207267"
"DEA14","137247616"
"DEA15","170534904"
"DEA16","93098071"
"DEA17","76120219"
"DEA18","75716473"
"DEA19","88599872"
"DEA1A","165511592"
"DEA1B","1234350305"
"DEA1C","408368067"
"DEA1D","578161310"
"DEA1E","563480475"
"DEA1F","1048442122"
"DEA22","141262702"
"DEA23","407678017"
"DEA24","79128197"
"DEA26","941814896"
"DEA27","700799171"
"DEA28","1244912036"
"DEA29","627730956"
"DEA2A","919221158"
"DEA2B","439786162"
"DEA2C","1150107517"
"DEA2D","705989818"
"DEA31","100107676"
"DEA32","105123657"
"DEA33","302667153"
"DEA34","1421000580"
"DEA35","1115170473"
"DEA36","761965788"
"DEA37","1795555390"
"DEA38","1320618658"
"DEA41","258755618"
"DEA42","964803167"
"DEA43","452025635"
"DEA44","1202845161"
"DEA45","1245860441"
"DEA46","1160450263"
"DEA47","1244930369"
"DEA51","141482617"
"DEA52","278572401"
"DEA53","161784489"
"DEA54","227826471"
"DEA55","52768656"
"DEA56","413251648"
"DEA57","1956936954"
"DEA58","1063550179"
"DEA59","714255319"
"DEA5A","1133539888"
"DEA5B","1328957038"
"DEA5C","541505261"
"DEB11","106455606"
"DEB12","788380873"
"DEB13","639034530"
"DEB14","862026002"
"DEB15","778314173"
"DEB16","718706200"
"DEB17","817702396"
"DEB18","627184238"
"DEB19","965168920"
"DEB1A","782244445"
"DEB1B","990868299"
"DEB21","116328712"
"DEB22","1178810628"
"DEB23","1627325641"
"DEB24","915102186"
"DEB25","1092570075"
"DEB31","43522661"
"DEB32","140333615"
"DEB33","82483147"
"DEB34","77686333"
"DEB35","96225346"
"DEB36","116931082"
"DEB37","62438859"
"DEB38","42661436"
"DEB39","106961589"
"DEB3A","69597974"
"DEB3B","587497659"
"DEB3C","596186937"
"DEB3D","645454970"
"DEB3E","463306578"
"DEB3F","639275885"
"DEB3G","570615461"
"DEB3H","638908158"
"DEB3I","305792117"
"DEB3J","608185590"
"DEB3K","953284457"
"DEC01","408471720"
"DEC02","560064889"
"DEC03","246817751"
"DEC04","458875423"
"DEC05","422579166"
"DEC06","477820772"
"DED21","330053455"
"DED2C","2399789701"
"DED2D","2112697571"
"DED2E","1453723962"
"DED2F","1650943330"
"DED41","219693481"
"DED42","1828149823"
"DED43","2114975624"
"DED44","1412412420"
"DED45","949992689"
"DED51","298229741"
"DED52","1652283072"
"DED53","2027513562"
"DEE01","242964029"
"DEE02","134857117"
"DEE03","200885198"
"DEE04","2303888702"
"DEE05","1460270726"
"DEE06","1588185700"
"DEE07","2374490327"
"DEE08","1413995678"
"DEE09","2104195501"
"DEE0A","1457564418"
"DEE0B","1439651482"
"DEE0C","1434454801"
"DEE0D","2436184085"
"DEE0E","1946516473"
"DEF01","50418309"
"DEF02","113478922"
"DEF03","212883613"
"DEF04","70352359"
"DEF05","1444725703"
"DEF06","1261531608"
"DEF07","2142078955"
"DEF08","1389518897"
"DEF09","660621492"
"DEF0A","1086041066"
"DEF0B","2168069056"
"DEF0C","1990971840"
"DEF0D","1347322344"
"DEF0E","1055578756"
"DEF0F","768411108"
"DEG01","270262279"
"DEG02","150022738"
"DEG03","113235561"
"DEG04","103137632"
"DEG05","83442084"
"DEG06","940721205"
"DEG07","717502057"
"DEG09","978658414"
"DEG0A","1038665191"
"DEG0B","1209539654"
"DEG0C","936545215"
"DEG0D","810215444"
"DEG0E","938056071"
"DEG0F","841498457"
"DEG0G","805723811"
"DEG0H","432218126"
"DEG0I","1041736726"
"DEG0J","817974130"
"DEG0K","1148178007"
"DEG0L","850444841"
"DEG0M","569853487"
"DEG0N","103250208"
"DEG0P","1302888357"
"DK011","185267444"
"DK012","342597086"
"DK013","1452934626"
"DK014","589034304"
"DK021","812815045"
"DK022","6487722755"
"DK031","3501556683"
"DK032","8659930443"
"DK041","7234403880"
"DK042","5923795753"
"DK050","7915995665"
"EE001","4328160583"
"EE004","11212586158"
"EE006","9076231691"
"EE007","4019668298"
"EE008","16728387025"
"EL111","4243369249"
"EL112","1797861263"
"EL113","2551927721"
"EL114","3466012872"
"EL115","2120501064"
"EL121","1702113818"
"EL122","3679298561"
"EL123","2527549607"
"EL124","2507100067"
"EL125","1525627017"
"EL126","3976297344"
"EL127","2929674407"
"EL131","2294618181"
"EL132","1722358815"
"EL133","3516774425"
"EL134","1926227216"
"EL141","2635389215"
"EL142","5390442169"
"EL143","2649063502"
"EL144","3384984940"
"EL211","1622584265"
"EL212","1522500806"
"EL213","4996695382"
"EL214","1037022992"
"EL221","407435002"
"EL222","635075718"
"EL223","905273247"
"EL224","363634419"
"EL231","5437422395"
"EL232","3273985978"
"EL233","2622532312"
"EL241","2956587217"
"EL242","4168853364"
"EL243","1873597600"
"EL244","4439510218"
"EL245","2128169793"
"EL251","2155737815"
"EL252","4418248087"
"EL253","2297115280"
"EL254","3642950299"
"EL255","2998768545"
"EL300","3822393158"
"EL411","2144609019"
"EL412","782562369"
"EL413","915079992"
"EL421","2737346390"
"EL422","2630494692"
"EL431","2646303891"
"EL432","1828218250"
"EL433","1494882281"
"EL434","2376913123"
"ES111","7955390839"
"ES112","9849240948"
"ES113","7278622601"
"ES114","4498336861"
"ES120","10607475809"
"ES130","5324124217"
"ES211","3034435591"
"ES212","1983890104"
"ES213","2219116448"
"ES220","10391367857"
"ES230","5048855908"
"ES241","15633112543"
"ES242","14808515287"
"ES243","17275999995"
"ES300","8029404669"
"ES411","8046075585"
"ES412","14287036437"
"ES413","15576581999"
"ES414","8053793867"
"ES415","12351475551"
"ES416","6925621409"
"ES417","10305985750"
"ES418","8109385777"
"ES419","10565874907"
"ES421","14927704116"
"ES422","19810008192"
"ES423","17143086011"
"ES424","12209305089"
"ES425","15372401616"
"ES431","21760885851"
"ES432","19868686455"
"ES511","7734726474"
"ES512","5908954786"
"ES513","12168057545"
"ES514","6306585684"
"ES521","5819701185"
"ES522","6630331873"
"ES523","10804579449"
"ES531","651174123"
"ES532","3647345819"
"ES533","697401714"
"ES611","8772896881"
"ES612","7441525698"
"ES613","13765660128"
"ES614","12647247660"
"ES615","10130769279"
"ES616","13500616542"
"ES617","7311129656"
"ES618","14038607193"
"ES620","11310321585"
"ES630","20521983"
"ES640","13788996"
"ES703","269908836"
"ES704","1658320460"
"ES705","1559591512"
"ES706","369914870"
"ES707","713823359"
"ES708","845404074"
"ES709","2030450939"
"FI193","19948137304"
"FI194","13991550650"
"FI195","7832123300"
"FI196","8388705926"
"FI197","14469481828"
"FI1B1","9487401398"
"FI1C1","10795281281"
"FI1C2","5707643573"
"FI1C3","6256012283"
"FI1C4","5628340440"
"FI1C5","7234142987"
"FI1D1","18771781703"
"FI1D2","20365877593"
"FI1D3","21588226300"
"FI1D4","24451665846"
"FI1D5","5202707835"
"FI1D6","37388348991"
"FI1D7","98964732328"
"FI200","1489177890"
"FR101","105280902"
"FR102","5928417890"
"FR103","2308223942"
"FR104","1816730164"
"FR105","176013497"
"FR106","238591649"
"FR107","245074909"
"FR108","1254325540"
"FR211","5242927209"
"FR212","6028798803"
"FR213","8188833144"
"FR214","6258811996"
"FR221","7413977690"
"FR222","5894618250"
"FR223","6196398625"
"FR231","6030480458"
"FR232","6321999409"
"FR241","7307118982"
"FR242","5929991263"
"FR243","6901284543"
"FR244","6154277286"
"FR245","6422319484"
"FR246","6814604645"
"FR251","5608712578"
"FR252","6004788573"
"FR253","6147887022"
"FR261","8802963260"
"FR262","6871869676"
"FR263","8612989014"
"FR264","7459325356"
"FR301","5753069515"
"FR302","6692729903"
"FR411","5286126394"
"FR412","6235772955"
"FR413","6255639353"
"FR414","5898153608"
"FR421","4796209435"
"FR422","3533275552"
"FR431","5257760939"
"FR432","5048206565"
"FR433","5389021416"
"FR434","609243420"
"FR511","6910220129"
"FR512","7237975988"
"FR513","5211113061"
"FR514","6243807705"
"FR515","6778129664"
"FR521","6990101462"
"FR522","6782768731"
"FR523","6831917889"
"FR524","6894376171"
"FR531","5977325069"
"FR532","6919849841"
"FR533","6038928500"
"FR534","7038785209"
"FR611","9222016950"
"FR612","10163301813"
"FR613","9354010305"
"FR614","5383923518"
"FR615","7682176012"
"FR621","4912173133"
"FR622","8767417881"
"FR623","6353931664"
"FR624","6300673488"
"FR625","5228488042"
"FR626","4518955691"
"FR627","5789267642"
"FR628","3732312908"
"FR631","5895892708"
"FR632","5598892429"
"FR633","5558102012"
"FR711","5786035902"
"FR712","5565617134"
"FR713","6554859935"
"FR714","7883798241"
"FR715","4805050210"
"FR716","3255873236"
"FR717","6271727377"
"FR718","4841328099"
"FR721","7379465493"
"FR722","5774578428"
"FR723","5002878809"
"FR724","8018089506"
"FR811","6378304739"
"FR812","5881815918"
"FR813","6157958354"
"FR814","5172781044"
"FR815","4108626923"
"FR821","6992519532"
"FR822","5691543058"
"FR823","4294578708"
"FR824","5249146690"
"FR825","6032526294"
"FR826","3578023778"
"FR831","4018035911"
"FR832","4712400904"
"FR910","1706280468"
"FR920","1103290707"
"FR930","83891340755"
"FR940","2504646406"
"HR041","640691760"
"HR042","3065044583"
"HR043","1229240249"
"HR044","1260520265"
"HR045","1745937829"
"HR046","728215319"
"HR047","2638814272"
"HR048","2022782047"
"HR049","1824384184"
"HR04A","2025360914"
"HR04B","4145723077"
"HR04C","2434868620"
"HR04D","3618174858"
"HR04E","4467888977"
"HR031","3600522588"
"HR032","5358715548"
"HR033","3659907606"
"HR034","2986840005"
"HR035","4562994039"
"HR036","2811611889"
"HR037","1797150253"
"HU101","524017581"
"HU102","6393602615"
"HU211","4356228845"
"HU212","2260978227"
"HU213","4494019552"
"HU221","4208526164"
"HU222","3339702953"
"HU223","3782967358"
"HU231","4431676320"
"HU232","6038845511"
"HU233","3705098695"
"HU311","7242145644"
"HU312","3637150525"
"HU313","2544461585"
"HU321","6201950215"
"HU322","5582669160"
"HU323","5939236859"
"HU331","8442093115"
"HU332","5632481962"
"HU333","4260873993"
"IE011","12368585142"
"IE012","6643591678"
"IE013","14326202658"
"IE021","927967881"
"IE022","6062752686"
"IE023","7980947255"
"IE024","9462714087"
"IE025","12279175655"
"IS001","1048716421"
"IS002","101609726189"
"ITC11","6827349936"
"ITC12","2086559011"
"ITC13","912106057"
"ITC14","2263162334"
"ITC15","1340901485"
"ITC16","6903313539"
"ITC17","1513152402"
"ITC18","3554527376"
"ITC20","3259630017"
"ITC31","1155449925"
"ITC32","1549185223"
"ITC33","1837612699"
"ITC34","882395633"
"ITC41","1200426663"
"ITC42","1276435053"
"ITC43","813844040"
"ITC44","3193995842"
"ITC46","2748263713"
"ITC47","4792504473"
"ITC48","2970827045"
"ITC49","785269414"
"ITC4A","1768106926"
"ITC4B","2342750764"
"ITC4C","1575739022"
"ITC4D","405548651"
"ITF11","5029304358"
"ITF12","1948401997"
"ITF13","1228160092"
"ITF14","2586750028"
"ITF21","1532461170"
"ITF22","2909705491"
"ITF31","2637842766"
"ITF32","2070489305"
"ITF33","1173690801"
"ITF34","2788228101"
"ITF35","4927635728"
"ITF43","2448279224"
"ITF44","1836369011"
"ITF45","2763411422"
"ITF46","6967123075"
"ITF47","3824741521"
"ITF48","1531291799"
"ITF51","6546028142"
"ITF52","3445056130"
"ITF61","6651264180"
"ITF62","1721033732"
"ITF63","2389771418"
"ITF64","1144532533"
"ITF65","3182427400"
"ITG11","2472267848"
"ITG12","4989185411"
"ITG13","3251063767"
"ITG14","3046643739"
"ITG15","2127633705"
"ITG16","2559661148"
"ITG17","3557798537"
"ITG18","1615445902"
"ITG19","2108209621"
"ITG25","4289721879"
"ITG26","3932113987"
"ITG27","4569953955"
"ITG28","3038398314"
"ITG29","3412212645"
"ITG2A","1858272092"
"ITG2B","1517750586"
"ITG2C","1502012247"
"ITH10","7397475516"
"ITH20","6211341306"
"ITH31","3096391072"
"ITH32","2721304843"
"ITH33","3671485359"
"ITH34","2473265229"
"ITH35","2003591119"
"ITH36","2121186877"
"ITH37","1666726235"
"ITH41","2278555042"
"ITH42","4817579622"
"ITH43","429348854"
"ITH44","210297608"
"ITH51","2586380335"
"ITH52","3449472994"
"ITH53","2290538194"
"ITH54","2686467701"
"ITH55","3706626948"
"ITH56","2633224407"
"ITH57","1859153527"
"ITH58","2379324718"
"ITH59","860315961"
"ITI11","1157503781"
"ITI12","1773372559"
"ITI13","964855169"
"ITI14","3512711740"
"ITI15","365547191"
"ITI16","1218287614"
"ITI17","2444161836"
"ITI18","3233543875"
"ITI19","3823644454"
"ITI1A","4501176748"
"ITI21","6326630769"
"ITI22","2128285796"
"ITI31","2563536746"
"ITI32","1961953726"
"ITI33","2774807384"
"ITI34","1225633260"
"ITI35","862208573"
"ITI41","3609172805"
"ITI42","2743636267"
"ITI43","5359185983"
"ITI44","2247845647"
"ITI45","3241556186"
"LI000","159938163"
"LT001","5421300791"
"LT002","8090563386"
"LT003","4815977070"
"LT004","4471859025"
"LT005","7876540746"
"LT006","8540611712"
"LT007","4407639956"
"LT008","4349383576"
"LT009","7191726904"
"LT00A","9735546579"
"LU000","2594343640"
"LV003","13606440860"
"LV005","14544220774"
"LV006","299011544"
"LV007","10153335341"
"LV008","15249565902"
"LV009","10745578632"
"ME000","13881847621"
"MK001","4078884190"
"MK002","3523365505"
"MK003","3449931125"
"MK004","2760589499"
"MK005","5042900721"
"MK006","2486920008"
"MK007","2272094867"
"MK008","1821674524"
"MT001","246225727"
"MT002","69751098"
"NL111","850149455"
"NL112","272903216"
"NL113","1283904061"
"NL121","1689785098"
"NL122","678271996"
"NL123","1166569066"
"NL131","1062276997"
"NL132","920799247"
"NL133","696607436"
"NL211","1491969081"
"NL212","425320680"
"NL213","1505845039"
"NL221","1860222293"
"NL224","755483171"
"NL225","1556714574"
"NL226","961153746"
"NL230","1563021820"
"NL310","1451525553"
"NL321","1114343865"
"NL322","279884824"
"NL323","177620269"
"NL324","137415023"
"NL325","128099255"
"NL326","784625612"
"NL327","250795107"
"NL332","264613433"
"NL333","155165299"
"NL337","297933346"
"NL338","461987610"
"NL339","1537900826"
"NL33A","512643342"
"NL341","748747947"
"NL342","1177714645"
"NL411","1301334043"
"NL412","937112036"
"NL413","1388751473"
"NL414","1456222533"
"NL421","852526842"
"NL422","694363228"
"NL423","661653555"
"NO011","454967877"
"NO012","4926092198"
"NO021","27401087028"
"NO022","25190787442"
"NO031","4188718989"
"NO032","14914189657"
"NO033","2217834338"
"NO034","15291733258"
"NO041","9174543634"
"NO042","7292041490"
"NO043","9425785892"
"NO051","15495980704"
"NO052","18641923478"
"NO053","15106979957"
"NO061","18829957555"
"NO062","22411557867"
"NO071","38367094204"
"NO072","25911897776"
"NO073","48693610049"
"PL113","290816277"
"PL114","2203693023"
"PL115","5975849091"
"PL116","5664798948"
"PL117","4081583787"
"PL121","7775999026"
"PL122","12095227001"
"PL127","516198490"
"PL128","5762675407"
"PL129","5104476101"
"PL12A","4305922289"
"PL213","325871082"
"PL214","4056150615"
"PL215","5465521178"
"PL216","2726580039"
"PL217","2608406266"
"PL224","3048846395"
"PL225","2356550868"
"PL227","1355662994"
"PL228","1580271844"
"PL229","872908838"
"PL22A","380300104"
"PL22B","1792584944"
"PL22C","942983907"
"PL311","5980996942"
"PL312","9281925467"
"PL314","4217643643"
"PL315","5635586801"
"PL323","5535111967"
"PL324","4294967186"
"PL325","3547882931"
"PL326","4467261549"
"PL331","5031552359"
"PL332","6679835229"
"PL343","5136915549"
"PL344","8817535604"
"PL345","6234229114"
"PL411","6466992973"
"PL414","6398684945"
"PL415","258918428"
"PL416","5791087169"
"PL417","5992352337"
"PL418","4927274922"
"PL422","10393679194"
"PL423","6847199602"
"PL424","295831356"
"PL425","4901398354"
"PL431","6114652844"
"PL432","7873600829"
"PL514","294564594"
"PL515","5567792848"
"PL516","3473453517"
"PL517","4172752200"
"PL518","6433817869"
"PL521","4269563331"
"PL522","5140511262"
"PL613","2912990703"
"PL614","6806635509"
"PL615","8249852172"
"PL621","7336250385"
"PL622","10336998421"
"PL623","6339510861"
"PL631","8180691368"
"PL633","413960581"
"PL634","4306384628"
"PL635","5267862595"
"PT111","2219018723"
"PT112","1247125686"
"PT113","1245495291"
"PT114","815422157"
"PT115","2618264635"
"PT116","861821296"
"PT117","4106124572"
"PT118","8171850208"
"PT150","4997031374"
"PT161","1803065501"
"PT162","2062946489"
"PT163","1739888887"
"PT164","2617610225"
"PT165","3489355076"
"PT166","1903335821"
"PT167","866841353"
"PT168","4061740542"
"PT169","3745986517"
"PT16A","1375078161"
"PT16B","2221283794"
"PT16C","2306798336"
"PT171","1352146174"
"PT172","1505110537"
"PT181","5228262899"
"PT182","6246017443"
"PT183","7232406898"
"PT184","8544610681"
"PT185","4278762324"
"PT200","2329065276"
"PT300","804080277"
"RO111","7551098300"
"RO112","5351679580"
"RO113","6676051763"
"RO114","6310243847"
"RO115","4411560530"
"RO116","3863159092"
"RO121","6244041957"
"RO122","5370158063"
"RO123","3704399916"
"RO124","6638427387"
"RO125","6715647808"
"RO126","5434608323"
"RO211","6615042239"
"RO212","4981013655"
"RO213","5468180233"
"RO214","5902752748"
"RO215","8557189209"
"RO216","5321350921"
"RO221","4767363235"
"RO222","6102439807"
"RO223","7071430606"
"RO224","4466197048"
"RO225","8491883105"
"RO226","4854231792"
"RO311","6821663441"
"RO312","5090126191"
"RO313","4059614341"
"RO314","3553733051"
"RO315","4453365559"
"RO316","4717875778"
"RO317","5787272656"
"RO321","238499973"
"RO322","1557944307"
"RO411","7427553309"
"RO412","5603373387"
"RO413","4936204923"
"RO414","5502207285"
"RO415","5759339526"
"RO421","7747054644"
"RO422","8516762433"
"RO423","7048235599"
"RO424","8700586140"
"SE110","7154573896"
"SE121","8638317788"
"SE122","7052010853"
"SE123","12265167381"
"SE124","9688958559"
"SE125","5688081397"
"SE211","11747818819"
"SE212","9423203583"
"SE213","11637295376"
"SE214","3167855706"
"SE221","3042632871"
"SE224","11360325853"
"SE231","5716619367"
"SE232","28926759401"
"SE311","21909695710"
"SE312","30395378021"
"SE313","19723932030"
"SE321","23106587527"
"SE322","54089971510"
"SE331","59240592895"
"SE332","105929519343"
"SI011","1337580555"
"SI012","2167605127"
"SI013","1040882547"
"SI014","2380860430"
"SI015","265181719"
"SI016","900588354"
"SI017","2659171788"
"SI018","1457206786"
"SI021","2554073125"
"SI022","2138245398"
"SI023","2327957645"
"SI024","1044365056"
"SK010","2053533546"
"SK021","4144606545"
"SK022","4501131532"
"SK023","6343082606"
"SK031","6805396943"
"SK032","9454988292"
"SK041","8974279016"
"SK042","6755340231"
"TR100","5310237014"
"TR211","6394260611"
"TR212","5922469099"
"TR213","6538660750"
"TR221","14395590209"
"TR222","9729039084"
"TR310","11803879408"
"TR321","7806927371"
"TR322","11807004030"
"TR323","12449276589"
"TR331","13238299750"
"TR332","14727893401"
"TR333","12019404838"
"TR334","5367113343"
"TR411","10890769326"
"TR412","13906899796"
"TR413","4308746794"
"TR421","3597228425"
"TR422","4897065862"
"TR423","2574093010"
"TR424","8340662643"
"TR425","803077743"
"TR510","24877418047"
"TR521","39291071671"
"TR522","8869445089"
"TR611","20480216601"
"TR612","8330282068"
"TR613","7132566828"
"TR621","13891726566"
"TR622","15351307861"
"TR631","5624946881"
"TR632","14462804742"
"TR633","3193863793"
"TR711","4571054883"
"TR712","7471228921"
"TR713","7365979797"
"TR714","5393627749"
"TR715","6536065038"
"TR721","17121193576"
"TR722","28582609943"
"TR723","14079572622"
"TR811","3332399681"
"TR812","4104521506"
"TR813","2102817589"
"TR821","13162710366"
"TR822","7487319311"
"TR823","5838479451"
"TR831","9443563473"
"TR832","10070361382"
"TR833","12795687119"
"TR834","5703544577"
"TR901","4633101299"
"TR902","5908526066"
"TR903","6799887027"
"TR904","3933578659"
"TR905","7369955721"
"TR906","6438128505"
"TRA11","25337538258"
"TRA12","11714013985"
"TRA13","3741307549"
"TRA21","11383244808"
"TRA22","9876995992"
"TRA23","3552143803"
"TRA24","5122510743"
"TRB11","12109305045"
"TRB12","8883273941"
"TRB13","8262350775"
"TRB14","7398576837"
"TRB21","18796396203"
"TRB22","8072103221"
"TRB23","7083155155"
"TRB24","6926377694"
"TRC11","6808901996"
"TRC12","6982734060"
"TRC13","1421357793"
"TRC21","18781351434"
"TRC22","15190039791"
"TRC31","8671433223"
"TRC32","4660471497"
"TRC33","7034365604"
"TRC34","5474792448"
"UKC11","300744505"
"UKC12","300465572"
"UKC13","193889659"
"UKC14","2235881253"
"UKC21","5030089268"
"UKC22","405387102"
"UKC23","140994579"
"UKD11","2078816628"
"UKD12","4753032645"
"UKD31","549619429"
"UKD32","726946304"
"UKD41","135853086"
"UKD42","35595580"
"UKD43","2911497901"
"UKD61","181834892"
"UKD62","1164517466"
"UKD63","916977352"
"UKD71","301768693"
"UKD72","111945392"
"UKD73","154156965"
"UKD74","158078770"
"UKE11","71560481"
"UKE12","2413577762"
"UKE13","1039311964"
"UKE21","270055291"
"UKE22","8055254521"
"UKE31","1181613849"
"UKE32","371462906"
"UKE41","365931867"
"UKE42","552459117"
"UKE44","774880883"
"UKE45","341298975"
"UKF11","78071498"
"UKF12","498438615"
"UKF13","2050620831"
"UKF14","74160550"
"UKF15","1479005805"
"UKF16","610279993"
"UKF21","71949068"
"UKF22","2483361756"
"UKF24","1381776871"
"UKF25","988101939"
"UKF30","5934276565"
"UKG11","2182583243"
"UKG12","1738617618"
"UKG13","1983750153"
"UKG21","290525599"
"UKG22","3201544689"
"UKG23","93835860"
"UKG24","2621868466"
"UKG31","268408345"
"UKG32","178151061"
"UKG33","98141680"
"UKG36","97511811"
"UKG37","85871078"
"UKG38","104666084"
"UKG39","68679940"
"UKH11","344624817"
"UKH12","3051158861"
"UKH13","5393542274"
"UKH14","3807790125"
"UKH21","42496167"
"UKH23","1640035351"
"UKH24","477730085"
"UKH25","718127188"
"UKH31","42589669"
"UKH32","165182173"
"UKH33","3483529512"
"UKI11","108244598"
"UKI12","210927264"
"UKI21","434611186"
"UKI22","356986140"
"UKI23","467479876"
"UKJ11","1262485184"
"UKJ12","306811848"
"UKJ13","1564290949"
"UKJ14","2608775672"
"UKJ21","84399028"
"UKJ22","1715740848"
"UKJ23","1670201328"
"UKJ24","1992155756"
"UKJ31","40264699"
"UKJ32","50269615"
"UKJ33","3693058093"
"UKJ34","385042040"
"UKJ41","192849245"
"UKJ42","3545740204"
"UKK11","110324754"
"UKK12","1224364861"
"UKK13","2660271391"
"UKK14","231111040"
"UKK15","3253992257"
"UKK21","115468470"
"UKK22","2552630717"
"UKK23","3456703476"
"UKK30","3596391444"
"UKK41","79222939"
"UKK42","65167071"
"UKK43","6583711009"
"UKL11","726632403"
"UKL12","2549443470"
"UKL13","1970732729"
"UKL14","5792585970"
"UKL15","536249299"
"UKL16","513142101"
"UKL17","691610795"
"UKL18","381505999"
"UKL21","1045328742"
"UKL22","473233009"
"UKL23","947324721"
"UKL24","5197131925"
"UKM21","2248571629"
"UKM22","1486887943"
"UKM23","1036133756"
"UKM24","4746228623"
"UKM25","264464103"
"UKM26","299448442"
"UKM27","7640251295"
"UKM28","425978522"
"UKM31","628042439"
"UKM32","6455086097"
"UKM34","175280869"
"UKM35","598098764"
"UKM36","474579272"
"UKM37","1223942076"
"UKM38","1773933273"
"UKM50","6510903251"
"UKM61","13033174771"
"UKM62","8104830216"
"UKM63","14611724378"
"UKM64","3179218561"
"UKM65","1015293113"
"UKM66","1520209234"
"UKN01","115579454"
"UKN02","843492046"
"UKN03","3402059174"
"UKN04","3232199816"
"UKN05","6557135385"
"FR","638352886574"
"FR9","89185641921"
"UKM33","1708766144"
"UKM3","13037728933"
